GaiaID,TIC,HD,index,ra,dec,l,b,ecl_lon,ecl_lat,pmra,pmdec,bp_rp,ebpminrp,bp_rp_corr,phot_g_mean_mag,ag_gspphot,parallax,distance_gspphot,ruwe,vbroad,x,y,z,radial_velocity,radial_velocity_error,Voff(km/s),Vr(pred),rvdiff,Type,Vmag,Median_Period,Period_err,LC_source,Period_notes,B-V,V-I,MemF,comments,Teff,Median_rot_age,Median_rot_up_err,Median_rot_low_err,peak_rot_age
107114427073651584,5720689,,17.0,33.13221857482144,26.864121179234587,144.45551000838876,-32.595961803446194,40.01165135407147,12.746466516917843,-28.62997201809765,-25.90280565553509,1.3042355,0.0241,1.2801355,11.25318,0.046,11.846275814552495,84.4079,0.9851537,12.988848,-57.86665745748324,41.34371795423242,-45.475170104420606,-5.6158547,0.5327569,3.824485671868018,-4.337236320189286,1.2786183798107142,,,10.536632310861028,0.4446198693796175,QLP,QLP has best fitsm excl sec 85,,,,,4600.0,797.9,449.89,417.97,670.5410821643287
1092545710514654464,417762326,72905.0,316.0,129.79848216263676,65.02129699890843,150.55127611012884,35.70399283596731,112.32495031002992,44.63685744584888,-27.27447101767192,87.88083046986,0.804358,0.0,0.804358,5.4989767,0.0,69.2575995687921,14.4485,1.1658813,12.0587015,-10.210052132875743,5.7645134528773925,8.426480359677658,-13.056344,0.11686565,4.8337200798309725,-13.268751867928373,0.2124078679283734,Probable Activity-Based Members,5.64,4.979628298357521,0.0992367114732477,QLP,"QLP has best fits, excl 74",0.616,0.66,Y?,,5860.0,377.12,270.27,161.04,342.28456913827654
1231859400030491136,310395457,,363.0,213.56826872549308,15.359967105633144,5.691846102451727,67.44803499934808,205.5340266442238,27.07212054825447,20.903366868817745,-15.924959744508794,0.8901777,0.0336,0.8565777,10.132625,0.0631,10.254169332303409,97.1042,0.92475724,8.381123,37.21708778758626,3.709410069772922,90.06405530733221,-2.0040686,0.3217397,4.033175764118792,-1.525460545491936,0.478608054508064,,,9.123784835976329,0.0,TESS-SPOC,TESS-SPOC sec 50 has best fits,,,,,5660.0,850.81,416.48,291.41,756.5130260521042
1419999819661235840,198381445,,402.0,257.55214149873774,54.489682632205245,82.2667104264027,36.310291818356106,237.5089878312184,76.52156874790214,86.45009445736092,-103.34307410290272,1.5341768,0.0002,1.5339768,8.8505745,0.0003,47.06917936052006,21.2087,0.9661323,11.463528,2.303693428649591,16.964245766169025,12.580587617206064,2.1025295,0.1425936,2.628835754655197,-1.0391843057121202,3.1417138057121203,,,11.6,1.2,QLP,From Capistrant paper,,,,,4300.0,915.88,526.1,484.27,670.5410821643287
143872711402992384,149852612,,22.0,44.68584817298675,40.0722177217886,147.83081489575574,-16.565569347509065,54.03479018605087,22.121813833396725,-56.4877095456241,-16.947420905232924,1.0811844,0.0,1.0811844,9.558518,0.0,20.826148387796465,47.9396,1.2110039,,-38.95803028578028,24.5039294368182,-13.690118184136074,-6.039022,0.31173083,0.5348271306316249,-7.94115771657348,1.90213571657348,,,9.5,1.0,SPOC,From Capistrant paper,,,,,5100.0,731.0,347.9,338.73,686.1723446893787
1568325591812472320,157871496,,440.0,191.0878845142964,52.175338207944016,125.4951704620072,64.91762901898505,161.10393673629088,50.4998935125504,36.00964506959337,3.484459603939829,1.534421,0.0051,1.529321,11.687887,0.0096,13.284748046850742,75.4108,1.0928621,6.76171,-18.528236561685915,25.98026155924731,68.17587149606271,-9.177508,0.3905487,2.805833567919247,-9.398447707956706,0.2209397079567061,,,11.47020643675048,0.3074200691273159,QLP,"QLP sec 15, 22, 48 has best fits",,,,,4300.0,898.47,521.64,479.53,670.5410821643287
1581924111105411840,224290262,,452.0,183.3572861712501,59.627589091864486,131.7115866580462,56.84806835774117,147.94982788085477,53.45049544312472,33.54368611886976,3.258072728201274,1.1551485,0.0029,1.1522485,10.510773,0.0055,14.377099631323878,69.3577,0.9818826,8.528086,-25.30907669834604,28.394722000166563,58.23312206035796,-6.114129,0.24970734,1.0483367831675854,-10.373436802654467,4.259307802654467,,,11.628093767498562,0.3844417891571741,QLP,QLP has best fits,,,,,5100.0,1046.04,379.28,415.81,1116.0320641282565
1616657649067892736,202489696,,466.0,229.5981139548988,62.157810907220345,98.5473145142198,47.41674414414561,175.19983288883236,72.31560417803155,37.49544278125567,-10.240210049525814,0.68859005,0.0003,0.68829005,8.468633,0.0006,13.317129378570344,75.0231,0.97900516,15.97284,-7.551886413842429,50.2469750041567,55.28930787470357,-2.8288388,0.16172597,4.229926971885802,-5.3346445185162965,2.5058057185162963,,,3.4418476423899413,0.0665399868639897,TESS-SPOC,TESS-SPOC has best fits,,,,,6180.0,378.0,474.75,171.45,264.12825651302603
1651645517813056384,441811910,,478.0,266.9098890236321,73.13237674091611,104.04213447243356,30.486048360877835,97.75658414708064,83.34485369365841,53.22067192423095,-68.15808961510615,0.75961685,0.0,0.75961685,7.617218,0.0,24.266096451289663,41.1534,0.9075041,11.083997,-8.616618333391656,34.45141857043919,20.906887124476864,-4.9070864,0.1264052,2.862947477319681,-4.732087953308071,0.1749984466919292,,,5.845250435156174,0.2300909462996809,TESS-SPOC,TESS-SPOC has best fits,,,,,5990.0,725.54,865.96,315.34,498.59719438877755
1738269854212128512,459686707,,511.0,314.8916406466567,8.701840457175289,56.96718190256289,-23.42977371034385,320.14838867455745,24.66844068729032,-5.429523139992638,-34.76009842779395,1.2725286,0.0002,1.2723286,10.289339,0.0003,18.06518832164813,55.2111,0.8549308,13.267991,27.68712968825967,42.581025327654565,-22.010550924711733,9.995499,0.26919526,2.2689746956526395,11.764329840468584,1.768830840468583,,,10.84073007,0.0,QLP,,,,,,4830.0,877.89,416.82,417.64,920.6412825651303
1746651843668790144,230174573,,517.0,318.29766190854514,12.169425384383404,62.183976166209,-24.0992009773282,324.90733002622983,26.87766317414227,-4.819828216974989,-23.78044140301952,0.9606695,0.0485,0.9121695,10.435617,0.0912,10.056753504966215,98.614,1.2759542,,42.35582895259127,80.28054846008204,-40.60134616417377,10.268158,0.29054806,1.902616708995674,10.902339224553009,0.634181224553009,,,5.318749771325073,0.0,TESS-SPOC,TESS-SPOC has best fits,,,,,5480.0,269.35,138.91,114.03,178.1563126252505
1765849729004777344,466351062,,525.0,326.4623740337951,11.217103321577673,67.06949348953536,-30.887860030249897,332.81978284273407,23.20627508307829,-21.634978486205213,-22.20837709611115,0.75172997,0.0022,0.74952997,9.56213,0.0041,10.18000016599507,97.9006,1.2662375,10.654792,32.84447925628318,77.63842431216709,-50.42823411321336,10.466572,0.42197126,4.135223659266113,10.3751708063958,0.0914011936041987,,,6.956322947857593,0.0017364068754148,QLP,QLP has best fits,,,,,5990.0,993.04,891.74,446.59,631.4629258517034
1798896719210880000,371699559,,535.0,323.9271275509126,26.333929265300128,77.40037525783974,-18.767368568624,336.98502919855395,38.09063916928052,-20.95906726953362,-40.62045741360437,0.87922764,0.0015,0.87772764,9.859443,0.0027,12.61787604527042,79.1057,1.0990295,6.667511,16.368768375012664,73.23191309485038,-25.497674929779627,0.70178044,0.15022577,3.316737491833545,7.476554694537404,6.774774254537404,,,13.093027603995834,0.1924347028187156,QLP,"QLP has best fits, excl sec 15",,,,,5550.0,1422.15,542.29,449.27,1342.685370741483
1837182676181120896,1950657646,,543.0,304.5563139655562,29.203715236262628,68.56615756846553,-3.710802603451692,316.7670365995959,47.18993900161983,4.3010175917265485,-88.00677746529504,1.4352183,0.0005,1.4347183,9.528364,0.0008,29.769598548792885,33.4817,1.2387048,,12.249426808388945,31.20258961310845,-2.17404527660612,11.990302,0.33850622,1.642096406346624,7.760849439257164,4.229452560742836,,,8.572054192,0.1079356462,QLP,,,,,,4440.0,397.13,485.05,204.71,178.1563126252505
1837699549706327296,258473803,,544.0,315.26731479928844,20.67619801508469,67.43269686282092,-16.574306074470172,325.098669737874,35.86475686058744,-8.007035430647102,-44.548004199097065,1.2957811,0.0051,1.2906810999999998,10.384908,0.0096,17.32878884864493,57.239,0.90904385,6.1647325,21.226126473750146,51.07462713711578,-16.461541978561144,13.265759,0.24351124,1.3066279142270307,9.354769452520651,3.910989547479348,,,11.135108078051736,0.2943234464149276,QLP,QLP has best fits,,,,,4600.0,877.67,458.32,441.23,670.5410821643287
1866628181678694528,236601904,,550.0,314.9912272897994,34.66229979690362,78.30453699562958,-7.470089728185348,332.1333261345938,48.86773967852341,-5.101240802472379,-27.960670923902743,1.2899561,0.0198,1.2701561,11.065122,0.0377,13.137420720323282,76.4066,1.2963452,7.375565,15.298994660591443,73.90552177675447,-9.896052700515536,8.030617,0.2322432,4.575183435549791,6.07281657242212,1.9578004275778795,,,10.738482698408443,0.2375879722649276,QLP,QLP sec 75 & 82 has best fits,,,,,4830.0,863.8,415.48,413.62,881.5631262525051
1884297093007454080,44196556,,556.0,342.7879328580804,28.17698215238276,93.03047281345668,-27.6202064384017,356.5007631370617,32.47889196672681,-31.86806397470896,-25.544361876683688,1.0168467,0.0457,0.9711467,10.223493,0.0863,12.634554728698198,79.0253,0.9087548,8.056026,-3.707479017366349,70.03025257437899,-36.69369856564602,6.3891835,0.22250386,3.8007810392529713,4.922060842441707,1.467122657558293,,,9.477389539738938,0.0,QLP,"QLP better fits, long period harmonic fits better",,,,,5270.0,756.48,317.04,313.59,740.8817635270541
194261890493524096,67360599,,33.0,83.53623611164758,40.86461359597149,168.6329089298318,4.337102699043018,84.87742774768203,17.540202200353075,-10.552719638097324,7.622058862412418,0.89167213,0.0547,0.83697213,9.8876,0.1026,11.509660682042558,86.6756,0.88202006,,-84.93535218054255,17.075209321920383,6.570519722720383,-16.414244,0.19357075,4.516408961643037,-13.702972754128284,2.711271245871716,,,9.73335216154997,0.2288102071990936,QLP,long per harmonic has best fits,,,,,5680.0,976.09,502.06,333.41,858.1162324649299
1972755552249725440,346286877,,581.0,327.80794274030524,43.215067787902605,91.50697465368904,-8.394974173618309,352.2572886539578,51.50660122411491,-19.905229552591955,-53.260214056201065,1.3487768,0.0399,1.3088768,11.298515,0.076,13.285343541045195,75.6719,0.89617956,13.795101,-1.9583122452788075,74.43864564484376,-10.989271849280822,2.2026575,0.3826601,4.697544228026604,3.076914302343789,0.8742568023437896,,,9.621077318,0.5509659033,QLP,,,,,,4600.0,654.94,455.81,360.15,381.3627254509018
2017636998457217792,1851136790,,598.0,292.3562278832602,19.82571964359043,54.81252645356537,0.9462502438656586,298.3441440856941,41.09029318145378,14.352698074973896,-30.58838444976669,1.1730337,0.0531,1.1199337,10.061129,0.101,15.18183975696419,65.6196,1.2744288,,37.95159715916245,53.82479743916074,1.0877753830740244,6.196738,1.8005538,3.862509416858638,9.82979106100524,3.63305306100524,,,7.818720071502202,0.2752024614068324,QLP,,,,,,5100.0,472.56,300.0,236.74,412.62525050100203
2027293459305490176,282898483,,602.0,299.52615116363614,26.77861888853856,64.12085419626007,-1.285588979680781,309.5120270579516,46.25005883509915,-7.047196191960442,-38.060831614938095,1.3483,0.0569,1.2914,11.353177,0.1087,11.984874661369158,83.1318,1.2379258,12.133089,36.40959861566941,75.05211830458519,-1.8720160600279327,12.02571,0.22792542,3.3551487637766915,8.37174405137397,3.653965948626032,,,13.44626174603568,0.6246080940602319,QLP,,,,,,4600.0,1202.59,494.83,565.88,1413.0260521042085
205395717035619584,348286981,,39.0,74.68080119148873,44.24366787584336,162.09762157954853,0.97811557449378,78.26906670778064,21.42625668211713,-16.969318862504636,1.6854529419626043,0.7242441,0.0003,0.7239441,9.103042,0.0006,11.214775566113897,88.746,0.9570109,,-84.83834402852516,27.405927688005487,1.5221444215729785,-11.6909075,0.26801163,2.596258590443787,-12.637579164305416,0.9466716643054164,,,5.969858758,0.281512101,SPOC,,,,,,6050.0,887.57,1040.96,428.14,529.8597194388778
2089842133172909824,28479907,,625.0,281.84371469464725,31.17198510805203,60.873454540117926,14.44913933185716,287.34073684948333,53.90060332028228,14.92389163352143,-41.14499291766852,0.71352005,0.0003,0.71322005,8.949092,0.0006,11.696831822111395,85.2642,0.9581657,8.542407,40.29675157196044,72.32010457293607,21.33231443288864,5.421782,0.17832784,3.2984465119548534,6.692073604461114,1.2702916044611134,,,4.4549650296072745,0.1056896215351659,QLP,QLP better fits,,,,,6050.0,499.68,788.54,234.15,342.28456913827654
2125838116643506432,63008393,,633.0,291.88785369355344,43.26973126572696,75.5694632633087,12.172478592625344,308.0148625432774,63.8483056966492,5.385234211943633,-39.03921314978682,1.7747488,0.2009,1.5738488,12.597419,0.3733,11.418513751251412,87.4892,1.1034117,18.026842,21.334059009502173,82.90720742000822,18.46608810437376,2.79601,1.4236246,0.9037305209889954,4.05213619865733,1.2561261986573298,,,14.12740392,0.2734506141,QLP,,,,,,4300.0,1290.46,637.49,639.55,1459.9198396793588
2129181967718126208,159515804,,636.0,290.75810595432006,47.71425919950618,79.36200037233635,14.776387780346331,310.1226537603972,68.28164230911386,2.1201449971823223,-73.26550992100135,0.9274893,0.0003,0.9271893,8.770109,0.0006,21.741092033162943,45.8534,0.9349142,8.562684,8.210172711389179,43.710320723356205,11.731117155257012,7.6539044,0.17740095,1.895789535531832,2.823502038107538,4.830402361892462,,,7.091021557174535,0.1283764204817323,QLP,QLP has best fits,,,,,5380.0,436.6,220.91,208.39,443.8877755511022
2132647563949643648,416282321,,637.0,289.73567916029776,49.859600856452815,81.12119073993382,16.253854807495426,310.7506714505452,70.51934802177323,14.502221709753846,-41.38233162978922,0.7699299,0.0001,0.7698299,8.694107,0.0002,15.14060463123053,65.949,0.9138796,,9.786661338402205,62.64789377625693,18.486289780921776,-0.2936291,0.31426477,3.329048124216089,2.211061739878408,2.504690839878408,,,4.44844021794655,0.2007679898102772,SPOC,,,,,,5990.0,416.2,580.97,185.97,318.8376753507014
2274053830249193856,323139965,,674.0,321.59691357784027,73.6647926002094,109.71768440617696,16.316420905608908,45.13145191990485,71.79464728264533,-9.656914824852391,-39.97152656893136,0.7551613,0.0025,0.7526613000000001,9.082159,0.0046,11.705433581626435,85.2529,0.92170304,,-27.66215783287097,77.1823392593608,24.00097139010297,-1.7726054,0.25033808,1.914622000973442,-4.470530897976162,2.697925497976162,,,5.993028479674413,0.171518043535781,SPOC,,,,,,5990.0,748.71,893.05,340.4,506.4128256513026
2578465096254761216,365061397,,739.0,20.458219493799344,8.048563987751237,135.8219497265905,-54.06073495657239,21.915156770378083,-0.5273819787863225,-38.1900872531796,-13.697250294273736,0.7946062,0.0003,0.7943062000000001,9.173605,0.0006,12.348427296376064,80.6663,0.98971856,10.162695,-34.08783602033299,33.12357320752494,-65.56621238797058,5.885109,0.20192553,3.6039506640156462,1.1842360406649917,4.700872959335008,,,6.717790940139809,0.1025259424077078,QLP,QLP has best fits,,,,,5860.0,672.85,615.65,274.21,529.8597194388778
2642106070517231360,398640591,,759.0,359.5187103790276,-0.1282752031101045,95.3488300715005,-60.11076529048445,359.5074144372263,0.0737469945070225,-43.78930459130985,-18.48630191023149,0.7882805,0.0001,0.7881805000000001,8.857557,0.0002,15.160899759718838,65.6967,1.0559256,7.934424,-3.064028027206591,32.72595684468349,-57.18594596083619,4.8957496,0.16936913,3.287992111666981,7.0311990207456985,2.135449420745698,,,6.530429841077699,0.0853466238501328,QLP,QLP has best fits,,,,,5930.0,757.25,753.93,325.81,537.6753507014027
2865165918590971520,186878280,,810.0,354.9646330631382,27.11578786947815,103.87808834766228,-33.093757786640055,7.048308691583143,26.695895796189937,-18.436766441751764,-25.271918411708604,0.8208351,0.0358,0.7850351,9.536351,0.0668,11.829307654110726,84.2274,0.84348196,7.4725704,-16.987198267712234,68.75482874939685,-46.15745119247541,4.702542,0.17641468,3.802022925509787,3.2264010173711366,1.4761409826288636,,,6.344855074851291,0.0,SPOC,SPOC sec 84 has best fits,,,,,5930.0,712.87,729.23,307.06,522.0440881763527
2892003932273326208,117881543,,818.0,96.8360260485007,-33.11431439130898,241.1054643627074,-19.1069208254135,100.35354319130336,-56.30816449766454,-14.005823837657832,-68.03130736028136,0.8654456,0.0,0.8654456,8.227509,0.0,22.638430310252858,44.1174,1.1185681,8.221621,-20.1683223883376,-36.5430898037987,-14.459131380121676,-3.3887124,0.13765891,2.573010353088868,-5.858954739974379,2.470242339974379,,,7.3,0.7,SPOC,From Capistrant paper,,,,,5600.0,529.96,238.05,223.6,522.0440881763527
289904485684219904,411632695,,71.0,21.053262143301367,22.97811042082586,132.69024114119324,-39.2718115226121,28.097713400989,13.097485986691998,-44.62598723655485,-37.470969218873925,1.2491407,0.0057,1.2434407,10.446625,0.0108,15.914073500377803,63.151,1.0880928,12.878738,-32.98348277118044,35.75607561275845,-39.77611896288913,1.9907179,0.24459437,2.5758732871751806,-1.20773451584028,3.19845241584028,,,11.24,0.162,QLP,QLP better fit,,,,,4830.0,932.97,422.07,433.88,1030.060120240481
2932504370068337792,80036564,,832.0,105.08329917013394,-20.032800076058965,231.8360896698528,-7.108918920261057,109.35413517588331,-42.46394649623062,-21.19322579742714,-32.98485188049059,0.6990385,0.0004,0.6986385,8.654838,0.0007,12.49187436517208,79.8952,1.0175201,11.796957,-49.08496217392399,-62.45677129266043,-9.906915688042949,-8.762879,0.19296336,4.4222129326569934,-9.452635465308424,0.6897564653084238,,,5.033253078,0.04529145637,SPOC,,,,,,6180.0,985.43,952.01,538.94,475.1503006012024
2951331105809674112,34934941,,841.0,96.59834382555982,-14.391398223960492,223.1197985946341,-11.96702176219604,98.08078128059331,-37.64577023503821,-6.599335853726079,-25.102299604860807,0.7614775,0.0005,0.7609775000000001,8.9794655,0.001,12.79715260518643,77.9183,0.9391007,,-55.79856268503148,-52.25154877249675,-16.202718038419004,-7.3748527,0.19147833,3.624253382453494,-9.965302417476094,2.590449717476094,,,5.315214285,0.0,SPOC,,,,,,5990.0,578.73,845.67,255.86,412.62525050100203
297548019938221056,26893828,,76.0,27.47918859918027,25.74612110029388,139.10279929182096,-35.28259111825177,34.73800004135184,13.486476583821556,-47.06330794775283,-29.320516761336545,0.8394003,0.0,0.8394003,8.400534,0.0001,20.65068475458026,48.2283,0.98656374,,-29.87984323667041,25.88017701948809,-27.97048269589241,-2.1710148,0.21585657,3.0097095231284023,-2.9870468762743885,0.8160320762743885,,,7.557694653502715,0.1695443101459082,QLP,QLP better fits,,,,,5680.0,613.59,307.9,235.34,568.937875751503
2983810610570956416,143350190,,845.0,82.25134235595199,-15.728352588459757,218.432979327892,-25.158949412315643,80.39922523126177,-38.90974110226886,-16.86820067354757,-34.45549017646455,1.9715109,0.3033,1.6682109,13.267588,0.5478,10.58296843000844,94.9846,1.0867975,,-66.99653358451363,-53.163615205862,-40.1712341484008,-7.0342774,1.2367122,4.559010583132423,-8.010684198901217,0.9764067989012172,,,13.289500423150514,0.6809514521084958,QLP,excl sec 32 for bad fits,,,,,4100.0,1158.51,676.32,592.02,1014.4288577154309
3002388371356795392,119631128,,856.0,100.86564708131488,-9.865403738971269,220.84497310553945,-6.236471740014285,102.7681317094268,-32.82433721009986,-21.98977032973556,-26.476761218978748,0.9075289,0.0506,0.8569289,9.802268,0.0951,11.96527528671031,83.5185,0.9164274,6.5732493,-62.84895812221827,-54.33591170783291,-9.07895221059136,-7.8484945,0.24915358,4.134284896907126,-11.189574801991192,3.341080301991192,,,7.950120623141592,0.0315960721083183,QLP,,,,,,5660.0,660.38,318.13,244.58,608.0160320641282
3022226653492140544,66527717,,862.0,86.53994651272387,-6.138787545336805,210.9979217845411,-17.302038033973854,86.04543512673675,-29.530583452700963,-22.41310289313465,-19.25284627143041,0.8821049,0.0246,0.8575049,9.857551,0.0462,11.457746300364011,86.9993,1.1535852,10.07847,-71.42752893125395,-42.91446316317069,-25.95700998430346,-5.694744,0.2665852,2.291817016082216,-10.322176127952265,4.6274321279522646,,,6.5465060518343785,0.0,SPOC,,,,,,5660.0,455.03,217.24,199.38,451.7034068136273
3024151073718646272,176471832,,864.0,86.96813966621518,-2.7607387741244165,208.06241133407647,-15.388990015727018,86.62556342803067,-26.164512794777025,-35.715467364593394,-26.17273085889175,1.0151873,0.006,1.0091873,9.103914,0.0113,20.89787302619843,47.4529,0.9715832,7.5920777,-40.712143219458255,-21.70394815214349,-12.698462241607816,-10.372742,0.18373808,3.0375659531503327,-10.922816945198552,0.5500749451985509,,,8.2,0.8,SPOC,From Capistrant paper,,,,,5170.0,544.78,302.64,268.14,514.2284569138276
3097066080667486592,366351890,,882.0,125.7473649880074,7.63078764168133,216.54106291699804,23.805092979779992,126.21039386206743,-11.428540863661327,16.063370331305133,-20.998547902145432,0.959424,0.0027,0.956724,9.031381,0.0051,19.670581509711067,50.4114,0.93498963,,-37.36938572697365,-27.693359125782337,20.51930313559636,-15.701354,0.20069304,3.007649732306024,-14.545616144899668,1.155737855100332,,,9.259648732146848,0.1248633360168938,TESS-SPOC,"TESS-SPOC sec 61, 71, and 72 has best fits",,,,,5380.0,745.07,300.38,289.86,725.2505010020041
3097066080667487488,366351891,,883.0,125.7439672874958,7.630339212379609,216.5398688911354,23.801876079401776,126.20716453376232,-11.429774895194074,13.756647552371952,-18.91028551452607,0.95399666,0.0,0.95399666,8.98971,0.0,19.65744894774524,50.7737,0.8934498,,-37.395854788861406,-27.7117672842247,20.53039824399431,-16.026894,0.22587469,2.852120877308773,-14.54563786444692,1.4812561355530782,,,9.24660996097266,0.0,SPOC,SPOC sec 61 has best fits,,,,,5380.0,743.15,299.98,289.54,717.4348697394789
3204297635794971776,250171841,,914.0,64.62428811072323,-2.633381310290332,195.8568280722953,-34.832139277551455,62.13718879604843,-23.6514983683006,-58.418093649155495,-31.22312487032317,1.1363888,0.0,1.1363888,9.690966,0.0001,18.432165022346965,54.1248,1.0313606,5.4575396,-42.837850083780346,-12.16779292964909,-30.98790020096388,-8.447891,0.15665884,3.819550912186303,-7.2345814071007615,1.2133095928992388,,,11.443940002073887,0.024635883987476,QLP,QLP has best fits,,,,,5100.0,1018.62,377.0,408.73,1084.7695390781564
3285218255623808640,283792891,,931.0,63.85699151228302,6.199154881274957,186.6574232244791,-30.504309357516725,63.0555370888169,-14.82818002065406,-101.75317718029704,-112.1149923845106,0.8597808,0.0,0.8597808,6.777597,0.0001,45.307607581656825,22.0546,1.0489163,9.670443,-18.8882482685969,-2.204630809694809,-11.203486431587285,-8.010125,0.13034284,4.270899811883219,-8.337354639115047,0.3272296391150462,,,6.5,0.7,SPOC,From Capistrant paper,,,,,5600.0,423.87,197.04,191.33,436.0721442885772
3345968334645285376,415563103,,946.0,91.66810166362778,15.5416453082647,194.0242510722768,-2.5357815865435427,91.62246401861358,-7.888241186702496,-120.71603250483558,-103.48630746850164,0.9838109,0.0,0.9838109,6.53857,0.0,63.40654504107504,15.7594,0.9798761,8.4703045,-15.286169842276845,-3.8181431705673377,-0.6977716716014674,-10.014866,0.136138,3.7685977575588496,-13.72780956607584,3.71294356607584,,,8.04140195008235,0.0706690142247494,SPOC,,,,,,5270.0,542.44,276.29,259.81,537.6753507014027
3384728352906197632,91019979,,957.0,102.00311461735753,26.329660315361703,188.83305064277403,10.971646048487695,100.76066373504372,3.337641995724969,-8.707913928362412,-2.988192478105588,0.7909088,0.0019,0.7890088,9.480583,0.0035,11.352128789202206,87.709,0.9832796,10.061451,-85.45342101822416,-13.279367527672122,16.765418883866356,-11.973998,0.20240538,0.876261321399012,-15.281908636958342,3.3079106369583418,,,6.687386848244412,0.3507298246305863,TESS-SPOC,TESS-SPOC has best fits,,,,,5930.0,795.38,772.5,342.06,561.1222444889779
3419192854115395456,69474772,,966.0,76.80695944826205,24.908010487294938,178.60171133464786,-9.35072160513942,78.04570384638531,2.014561133325292,-11.346543844824591,-4.8397602093305885,0.85183144,0.0526,0.79923144,9.666639,0.0986,11.13405928995286,89.2855,0.9782859,9.490618,-88.5946822022202,2.1625596333237542,-14.592825163848945,-9.112529,0.18339655,4.788267996797235,-12.449240978944408,3.3367119789444075,,,8.654589348499453,0.0,SPOC,,,,,,5860.0,1083.41,818.12,431.92,787.7755511022044
3447378044422255872,127957198,,970.0,81.63640235969456,31.67745888723753,175.47198045708492,-1.9899033078396544,82.81107155415275,8.446655548357993,-17.760157717690582,-11.267541280844233,1.1043854,0.0307,1.0736854,10.266188,0.0583,13.85061020624542,71.9154,0.98028773,6.337064,-71.93023803774265,5.696428031562769,-2.5069930112464416,-14.360476,0.18760099,3.365747551282144,-13.414496223205091,0.9459797767949089,,,7.120088106317586,0.0,TESS-SPOC,TESS-SPOC sec 43 had best fit,,,,,5100.0,380.46,249.03,184.53,271.9438877755511
3534658789261176064,433007264,,990.0,170.45785641590385,-24.18991902767562,278.04148667283306,34.314133602971005,181.5445193689703,-25.85532857527381,39.90456200629782,-33.9440370886415,0.7887187,0.0,0.7887187,7.9832582,0.0,21.00121656496314,47.539,0.98239964,7.560862,5.5017536930543,-38.94239319066848,26.842721717797343,0.19567613,0.13283782,3.842315866439973,-4.558253510420537,4.7539296404205365,,,6.516234684102857,0.1662737690302993,QLP,QLP has best fits,,,,,5930.0,753.83,752.13,324.36,537.6753507014027
358549337366815872,250496108,,93.0,30.95455709745777,50.50055506219694,134.53195407264087,-10.73381927973184,48.06071924424953,35.29717711323753,-47.38867174454761,-23.13278901193926,0.72604704,0.0001,0.72594704,8.133416,0.0001,16.290969279745518,61.1768,1.0886667,10.381467,-42.295592264464815,42.9923198106876,-11.432504393079094,-8.037506,0.14076039,1.4895442777166894,-6.530261017037424,1.5072449829625765,,,3.0381203987616443,0.0,SPOC,SPOC sec 58 has best fits,,,,,6050.0,243.5,179.98,97.69,170.34068136272543
3699866389929794560,377247966,,1035.0,186.2033497568574,0.8314733902243393,288.17345377983463,62.93780529211638,185.36536967146293,3.2270196145718155,26.05902986620344,-33.937811237390406,1.3920422,0.0399,1.3521421999999998,10.931418,0.0764,15.156047904380015,66.5864,1.1580365,15.488691,9.362521809153431,-28.520800996640872,58.75629301051654,-2.3350842,0.31958094,4.843134268106973,-5.728153335916533,3.393069135916533,,,6.574585467273499,0.0,TESS-SPOC,TESS-SPOC has best fits,,,,,4600.0,233.73,175.63,99.29,100.0
3700460229286878464,388940264,,1036.0,188.2227334221719,2.4148454376439643,291.95978281611883,64.89074396874861,186.59603221960217,5.4799820780009005,24.56849782629652,-9.299542736877044,0.9125328,0.0444,0.8681328,10.259089,0.0832,10.191042170504652,97.5965,0.9296697,7.965051,15.571174203230507,-38.61803015134495,88.85256712541042,-7.654187,0.23935725,4.004833059697762,-5.515220480337868,2.138966519662132,,,8.740442017718307,0.0,QLP,QLP sec 46 has best fits,,,,,5600.0,744.79,323.93,262.63,686.1723446893787
3810640296640437888,363478353,,1069.0,170.06161328020318,1.646883586432661,258.465966614526,56.43156056740205,170.2200073585495,-2.421779416538996,32.07947038472251,-17.69345028456272,0.7266531,0.0003,0.7263531000000001,9.01796,0.0006,11.372407451213729,87.6071,0.895379,5.9820585,-9.721676726532335,-47.63870820372919,73.26733110747463,-12.814111,0.2270436,3.112814048256328,-9.070735573456531,3.7433754265434698,,,6.334126716,0.3581554381,SPOC,,,,,,6050.0,975.14,1019.57,463.18,584.5691382765531
3836997136546164736,344926234,,1076.0,151.5575525472107,3.946490675263079,236.0047348781424,44.29829293367543,152.15840799173276,-7.230230855643277,21.13220551808964,-18.397884760251248,0.77733326,0.0009,0.77643326,9.543966,0.0016,10.734740646538194,92.7892,0.87622404,,-37.27830146160914,-55.27720780377813,65.05923010338691,-14.475515,0.32263106,2.387942748181144,-12.211593306628536,2.263921693371463,,,6.180459364,0.167948324,SPOC,,,,,,5930.0,674.45,705.23,291.01,498.59719438877755
3851679946103991296,453050688,,1079.0,145.14972945107235,5.644490882268769,229.41346706182105,39.851947092931816,145.51999659783328,-7.814218988634266,30.170404260416568,-51.022822815604165,1.0283375,0.0,1.0283375,8.897772,0.0,23.55475178696808,42.3927,0.90113217,8.209788,-21.20439256921728,-24.75136088085808,27.20495654845669,-7.5095205,0.1485156,3.1731568696672534,-13.13666320952398,5.627142709523981,,,8.627320619558393,0.325047379701175,TESS-SPOC,TESS-SPOC has best fits,,,,,5170.0,610.07,315.77,293.16,568.937875751503
3890713708401628800,171602500,,1089.0,158.02300352866132,17.98965290217526,221.42173224988488,56.67898896168202,152.9990771444378,8.15061679422594,18.13875698358284,-18.381714340810184,0.789258,0.0,0.789258,7.677418,0.0,17.782987344867923,56.0942,1.1286452,,-23.1637208198178,-20.43718706797501,46.98906633764165,-11.0392475,0.14881608,3.459515394442473,-12.858929535503904,1.819682035503904,,,6.933148609441471,0.3882446844121023,QLP,"QLP sec 45,46,48 has best fits",,,,,5930.0,855.66,797.08,367.92,592.3847695390782
3892977705922471168,376851872,,1090.0,181.18836982607604,3.420155763883423,275.7169064083428,63.797358390378136,179.72811012997127,3.610293725570829,24.7772410757584,-25.585776311942887,1.3630695,0.0023,1.3607695,10.945487,0.0045,14.905945118965963,66.646,0.96267045,10.12471,2.950769064736364,-29.47488790810002,60.19329911838082,-2.5198479,0.23243904,3.9890531406393737,-7.1577405443428255,4.637892644342825,,,5.019462249435783,0.0,SPOC,,,,,,4600.0,222.87,191.5,98.51,100.0
3902471778374756352,399073041,,1091.0,187.96914723524284,7.956506281881637,288.4445642603251,70.27609173069726,184.1354050846635,10.463905222652524,23.774562539613736,-17.749096218584093,1.0522909,0.0909,0.9613909,10.557489,0.1708,11.023494413679094,90.4592,0.9077126,,9.686296241993215,-29.04264126257005,85.39304916251525,-9.225887,0.34509006,2.345492517918551,-6.3321633276686455,2.893723672331354,,,8.478182371515173,0.2667474430484304,QLP,QLP has best fits,,,,,5380.0,630.12,274.88,270.64,615.8316633266534
3987337171047746944,171630609,,1105.0,158.56684751716773,20.284901430137204,217.77824475371844,57.96934955921345,152.6106304032383,10.471215257192371,16.036929825959827,-5.095080915108194,1.1238594,0.018,1.1058594,10.78372,0.034,11.650143838709802,85.5873,1.0746665,,-35.9824026694272,-27.888935947556924,72.76858600757824,-10.984129,0.4430514,2.785241358524695,-12.960083698391436,1.975954698391437,,,9.05924073443077,0.0,TESS-SPOC,TESS-SPOC has best fits,,,,,5100.0,663.54,340.79,318.95,623.6472945891784
3991430932011200256,97526849,,1108.0,167.46865031938,21.625414612497323,220.7807837068702,66.27302030511655,159.9241109772256,14.945128640468129,52.53651824765619,-21.61399246628909,1.6344032,0.0001,1.6343032,10.508374,0.0001,24.659875694064127,40.4571,1.0369524,11.640185,-12.355577457983271,-10.657819037787858,37.12399982090589,-14.559451,0.26392335,0.2633105755999197,-11.727355452973798,2.832095547026201,,,12.7,1.3,SPOC,from Capistrant paper,,,,,4100.0,1073.23,637.05,559.88,670.5410821643287
4038724053986441856,329574145,165185.0,1117.0,271.5994139188408,-36.01974711463257,356.04122806772494,-7.330393670477496,271.325448450969,-12.587824931594213,106.01981606684002,8.811725078085344,0.78098965,0.0,0.78098965,5.8053985,0.0,58.42963261536771,17.105,0.55199,10.478406,16.93422228265693,-1.171911925288512,-2.183665288610381,14.987815,0.12477195,2.0770542505282714,14.561534735764878,0.4262802642351211,Probable Activity-Based Members,5.94,6.015327018961983,0.0,SPOC,SPOC sec 13 had best fit,0.602,0.68,Y,,5930.0,636.99,679.55,275.52,482.96593186372746
4098008415173254144,115683682,,1129.0,275.0404994610325,-16.008535818597405,15.168766930795638,-0.5368365174395554,274.8847524341486,7.345316987768372,19.146090486571687,-7.3849503802457725,0.82436466,0.0429,0.7814646599999999,9.654539,0.0801,10.91691244776279,91.2576,0.83818835,8.636774,88.40566556614641,23.967546302316908,-0.8582488619659778,17.478786,0.26893952,2.8599365657651683,14.11878994453812,3.35999605546188,,,7.465091048282977,0.0,SPOC,SPOC sec 46 had best fits,,,,,5930.0,985.57,833.25,423.66,662.7254509018036
4142215684607927680,399883391,,1142.0,257.4134632508076,-12.773377164141037,9.162871570122489,15.790068147545384,257.53276084569234,10.12283335351978,12.50394112529957,-15.005535855193752,1.2014446,0.0681,1.1333446,11.273729,0.1297,10.04923051951995,98.4041,0.92214644,5.418784,94.53324284421576,15.2481851691923,27.078038279864685,13.26215,0.3964351,3.58008948442715,11.540461345074869,1.7216886549251311,,,9.420298893143372,0.0,QLP,QLPhas best fits,,,,,5100.0,718.92,346.66,335.44,670.5410821643287
4148112198044365312,419815733,,1144.0,266.6515805432928,-16.003722830129963,11.210989970707049,6.492563817728706,266.75446245402264,7.39784236418316,22.725579624495737,-17.935325524803662,0.69803,0.0001,0.69793,8.073074,0.0002,15.80593965637834,62.9947,0.9918419,10.050224,61.66206021760561,12.221708353997606,7.153909460047526,11.644142,0.12969273,0.8875554356443933,13.17060210087849,1.5264601008784895,,,4.491063736750828,0.0,QLP,QLPhas best fits,,,,,6180.0,763.69,906.64,405.65,404.80961923847696
4159505436238035712,19209075,,1148.0,275.83305531208634,-8.189069419759875,22.43705569247605,2.45353499801412,275.9814246639056,15.129179623322914,25.424230715164946,-19.59533923700833,0.9972267,0.0423,0.9549267,10.143308,0.0796,12.647033410555718,78.8427,1.0261157,,73.01728552321293,30.150814091810552,3.3849185267767976,15.887878,0.21914344,3.929765197282877,13.43143985895745,2.4564381410425504,,,8.058647782269832,0.0,QLP,QLP had more sinusoidal fits,,,,,5380.0,569.04,260.34,257.09,561.1222444889779
423797449741560448,312682838,,105.0,13.750159072791336,56.37808612086262,123.4282652875564,-6.490230343878973,40.04251851217382,45.36886607894295,-41.99899297641515,-30.25273440261865,0.7614336,0.0001,0.7613336,8.514869,0.0002,15.967167458301954,62.438,0.9711889,5.276781,-34.280465377447285,51.933288768116185,-7.07913885366166,-7.808144,0.13988979,1.207414697185721,-4.80267570278938,3.00546829721062,,,9.684151446600154,0.2051790997282179,TESS-SPOC,excl sec 17 for bad fit,,,,,5990.0,1620.94,869.11,682.66,1217.6352705410823
4241831236230706816,111006287,,1172.0,298.1798844171227,2.525235156448528,42.33556464818736,-12.40560364268863,300.8319428653496,22.99877071753165,6.541193197604736,-23.9427701649062,0.9950762,0.0271,0.9679762,9.853025,0.051,14.000110016728142,71.3278,0.9786793,,51.56770277741535,46.98154403797116,-15.344939889762214,11.090164,0.32304716,1.8690806031155576,13.215094512260029,2.124930512260029,,,8.097783204311451,0.0,QLP,QLP sec 81 had best fits,,,,,5270.0,550.71,278.4,262.81,537.6753507014027
426486305430154752,256319667,,108.0,15.346750270111396,60.505322774221625,124.15724225683287,-2.342754751418679,44.45117356330557,48.30928863463417,-30.947513087241184,-22.77736711697542,0.9419174,0.0444,0.8975174,10.321398,0.0835,10.511942832540855,94.6412,1.0278565,9.493638,-53.367557293459015,78.65417176465587,-3.888661874687957,-10.213414,0.2564846,3.1534429481903885,-5.539216452392028,4.674197547607973,,,7.424698395633291,0.1304943807164735,TESS-SPOC,TESS-SPOC has best fits,,,,,5480.0,505.46,229.38,228.87,514.2284569138276
4281201414717499520,227409000,,1185.0,284.154874366675,4.264752024489408,37.31768934021407,0.7932925207053555,285.8739413711752,26.92736407737175,-2.378718934606738,-84.72125371718393,0.7306304,0.0,0.7306304,6.577961,0.0,37.61505196521486,26.5374,0.92185503,14.81817,21.140742425088845,16.11524710136537,0.368074037744804,10.12076,0.14593007,4.354706366919429,12.397300078296954,2.2765400782969536,,,3.9583818254530367,0.0001202941244822,SPOC,,,,,,6050.0,390.1,553.73,176.37,287.5751503006012
4429814979739684224,350148277,,1227.0,235.7380958539339,6.717502674649397,14.30753529790834,44.51062988081428,231.6440705208095,25.71002247265425,43.89323354248641,-19.10622053775244,0.7129054,0.0001,0.7128054,8.196246,0.0001,16.000970951840873,62.3242,0.89524,13.313897,43.18498649887357,11.01376374882135,43.81243995431854,0.28447002,0.17055002,3.413511729481145,4.775039173402233,4.490569153402233,,,2.801699133060096,0.0,SPOC,,,,,,6050.0,217.24,144.64,81.63,100.0
4468009161837153664,51670115,,1240.0,270.2560810717883,1.5626007487842737,28.52455288069092,11.920746400871838,270.2824700576801,25.001630473022765,22.73862261937461,-16.55659625131438,0.9264755,0.0976,0.8288755,9.981603,0.1827,11.141612414556716,89.4235,1.00482,8.450721,77.1580082161716,41.93620213241495,18.53937073400508,12.538453,0.22560488,3.265179459041285,11.519628806997773,1.018824193002228,,,6.479043900929129,0.0,QLP,QLP better fits,,,,,5720.0,480.2,255.08,204.51,459.5190380761523
4578684421739660416,258403036,,1268.0,274.5581168750427,24.387779237739228,51.77300226870568,17.776881291487655,276.177341165637,47.729365439350325,16.22872814261295,-34.26849936843658,1.2835627,0.1178,1.1657627000000002,11.190276,0.2239,11.263892910996518,87.9703,0.94779867,16.432793,52.31171806210853,66.41192005439169,27.105291269436687,6.934748,0.32198718,1.944054055385829,7.682022529228551,0.7472745292285508,,,10.288887813175071,0.0,TESS-SPOC,TESS-SPOC sec 40 best fit,,,,,4830.0,801.04,410.29,395.54,678.3567134268537
4642612020637636992,31675050,,1288.0,47.59181561765178,-71.39384669210237,288.8356520048215,-41.7219713438269,323.22191078525293,-74.41610672265972,-41.85194300768866,-15.499778045622708,1.1181612,0.0002,1.1179612,10.291672,0.0003,13.9654047536346,71.5757,1.3115313,,17.25501400708669,-50.58307639181696,-47.654660393352,3.4771726,0.20267425,1.692399510342199,6.669082743905129,3.191910143905129,,,9.029005410861377,0.2957159084875549,QLP,QLP has best fits,,,,,5100.0,658.86,340.25,317.41,615.8316633266534
4683813641908552192,267046689,,1300.0,5.069428841086294,-77.22252497850593,305.16713089874605,-39.77018170141532,300.7700418829766,-64.4933940140492,-49.259500880584135,17.994232040260545,0.7080736,0.0,0.7080736,7.7563806,0.0,19.809468783574896,50.4494,1.0414627,14.518854,22.34764809492854,-31.71842544993468,-32.29313132739122,6.88726,0.14737642,0.6743829471791732,9.46734493600091,2.580084936000909,,,3.8550549266273104,0.1124142808403216,SPOC,,,,,,6050.0,370.67,508.17,166.6,271.9438877755511
4684666927354770944,267490601,,1301.0,9.929497064516855,-75.39702089230231,303.9210485841606,-41.70871272786084,305.7445095609733,-64.84174866988305,-34.679448894820815,-3.9122500267670617,1.9165163,0.1832,1.7333163,12.64897,0.331,13.425654669747582,75.0707,1.1626207,,31.030514662901027,-46.141652210566185,-49.5576492508264,9.000954,0.93003225,3.936790051957612,9.317525529857,0.3165715298570006,,,16.05663832,0.1272809824,QLP,,,,,,3990.0,1638.17,889.17,853.43,1733.4669338677356
474077635440651648,450172265,,124.0,55.43057353796053,59.47384775977287,143.0670605500868,3.4325785378790385,68.35857820183844,38.60487943211596,-43.666854264174106,-11.23996563139241,1.0754204,0.0581,1.0173204,9.884497,0.1099,16.332105710831637,61.079,0.9295749,8.365001,-48.85501593390187,36.72532282334214,3.666028553275414,-12.9087105,0.18639837,3.956950670409996,-10.12908886878692,2.7796216312130806,,,6.807914398857932,2.3638002998814414,QLP,,,,,,5170.0,465.09,353.14,245.78,287.5751503006012
4837622639891346048,153709152,,1332.0,65.53038976970771,-45.14215337381234,250.7821154608296,-44.7401725029803,46.42338462130428,-64.92271300139714,-19.171267669511973,-32.6943112468041,2.0907822,0.2219,1.8688822,13.57099,0.3885,10.920248712520472,91.4467,1.1180443,,-21.41026010457488,-61.42015480484171,-64.45758884131729,3.3491807,1.5655901,3.9449937114346505,0.4355368624546472,2.9136438375453526,,,17.56438781397751,0.1279549629874594,QLP,,,,,,3850.0,1869.89,946.83,979.31,1999.1983967935873
4899960826016891776,425906795,,1343.0,2.211380382307292,-65.81099082032394,309.8038954921222,-50.74516875291934,319.6095493168148,-57.48121047537344,-32.10722095608397,-2.7639667817569062,0.7955723,0.0005,0.7950723000000001,9.747735,0.001,10.274740642246572,97.1338,1.0577213,,39.424417597271685,-47.31211443009788,-75.3633904580299,12.648373,0.22215322,4.688178551251836,10.290567545769887,2.357805454230112,,,4.5906018133913005,0.0484345109716524,QLP,QLP has best fits,,,,,5860.0,323.12,211.08,136.43,287.5751503006012
491129102280823424,458967992,,131.0,50.501462478347456,65.04556833348285,137.96742146144038,6.666554250119135,67.85341796610857,44.614378776311305,-31.491583950290256,-4.7438184808478345,0.9620552,0.0528,0.9092552,9.99835,0.0991,13.36191839524596,74.5987,1.0090791,7.300004,-55.21228892218302,49.77024308888449,8.688195955008057,-8.990398,0.17067944,2.8639963115410434,-9.558964064633855,0.5685660646338544,,,7.377321088632585,0.3038966339187214,QLP,QLP has best fits,,,,,5480.0,499.01,227.41,226.87,498.59719438877755
4911763739743875072,231018878,,1348.0,27.31007115247552,-55.40641305313185,286.5498557285105,-59.84528982365912,350.05445366512714,-59.19187621705672,-24.51886885105326,-13.444899845484157,0.95903397,0.0536,0.90543397,10.355793,0.1006,10.146341663907384,98.2755,0.9869398,7.087326,14.10265539098807,-47.45808405053833,-85.22008975768937,2.0680044,0.23843691,3.0324470068533023,7.333673935979288,5.265669535979288,,,12.605815795462831,0.0,TESS-SPOC,TESS-SPOC sec 30 has best fits,,,,,5480.0,1292.86,464.63,409.0,1248.8977955911823
4953699869141821056,91595611,,1358.0,38.5706570114237,-37.501904197215474,245.0297270451669,-66.02874047825368,18.84105584267284,-49.051863823853225,-36.69551483207494,-10.46352692953374,0.7934723,0.0007,0.7927723,8.935319,0.0013,13.5705580686117,73.5024,0.9729061,6.7820916,-12.638358810452782,-27.139802117849467,-67.33321973047249,-0.9529168,0.15101184,4.206222758589741,3.592828493435721,4.545745293435721,,,3.986612730361718,0.0,TESS-SPOC,TESS-SPOC sec 3 has best fits,,,,,5930.0,299.3,239.56,127.4,248.49699398797597
496259904568990976,281384926,,136.0,71.32513602737303,68.9894946950205,141.37539881836298,14.99753810797657,80.45805148386252,46.16797003544651,-28.11946809461132,10.24329600778812,1.1044092,0.0667,1.0377092,11.00692,0.1264,10.311257744506127,96.4962,1.0802135,11.782262,-73.1860939042257,58.47515835073968,25.096602883687083,-4.14467,0.25920182,2.690403107892104,-11.01121534465948,6.86654534465948,,,8.380235856362933,0.4330029671716655,TESS-SPOC,TESS-SPOC has best fits,,,,,5170.0,572.16,308.8,279.26,545.4909819639279
5196795700994411648,309489613,,1395.0,140.3257636687938,-79.61794569047593,294.14548449951894,-20.545839603292663,244.10423458689192,-71.48229834885713,6.962700271559987,-33.482883399118286,0.86995316,0.0458,0.82415316,9.593852,0.0859,12.019499914747447,83.1557,1.1029563,7.6431117,31.867856518154127,-71.09002477343888,-29.19893989360325,7.530722,0.18850991,2.069410691405784,5.93590083180691,1.5948211681930902,,,7.1064730671428125,0.1729161291021057,QLP,QLP has best fits,,,,,5770.0,622.82,426.42,242.49,545.4909819639279
5203272309816279424,452531629,,1396.0,141.37873228483926,-77.37114459132088,292.515667241216,-18.89110736499165,236.99146539186577,-71.72601747406301,16.935412387147103,-30.982272657701465,1.2144194,0.0361,1.1783194,11.336737,0.0688,10.438495417325989,95.6621,0.839352,7.3374567,34.708971114074345,-83.73010300171258,-31.01697739529895,0.7839239,0.4808667,2.8556529911065813,5.397316741935274,4.6133928419352745,,,10.206465799044317,0.2902795029219813,QLP,,,,,,4830.0,789.29,409.54,391.98,670.5410821643287
5299543864337444992,437072547,,1415.0,141.11780874443673,-59.893633155160416,279.5631083641396,-6.779007765937624,188.05055317377824,-66.77415270378754,7.352930149606157,-32.31558075825271,1.2136269,0.0359,1.1777269,10.854008,0.0688,12.051789684460235,82.7204,0.88471085,,13.68862066885306,-81.2501060091369,-9.794408729227026,6.682539,0.21334176,3.1489101887046336,0.8595330807798608,5.823005919220139,,,9.289315489252886,0.5132377453789978,QLP,,,,,,4830.0,648.32,407.36,339.63,482.96593186372746
5301532915221198976,355946390,,1416.0,132.8970118467844,-60.49047784985769,277.2555781345256,-10.217899331045258,182.57974278307643,-70.38958121257375,0.8702449945723316,-109.93357441448944,1.7219324,0.0011,1.7208324,10.230586,0.0021,32.331259994427896,30.9731,0.9416966,,3.844345370932592,-30.19554114543243,-5.486708425118367,-0.4860058,0.2464521,2.819558099119161,0.7455940089380961,1.2315998089380962,,,12.498,0.783,QLP,QLP better fit,,,,,3990.0,1041.21,651.07,565.99,670.5410821643287
5316075841979551488,811576401,,1419.0,127.16473151643784,-55.96731065855868,271.7433494643315,-9.954549891993302,166.75980571180853,-69.67580285783964,-6.254470130837227,-48.3121711531724,0.8452873,0.0529,0.7923872999999999,9.399907,0.0988,13.343876915400712,74.8765,1.1160184,,2.245560921918662,-73.77835495414084,-12.954774799831004,-0.62515104,0.22224998,4.002792179808247,-0.6202979416933612,0.0048530983066388,,,7.374718243,0.07636855578,QLP,,,,,,5930.0,963.72,828.52,414.35,647.0941883767536
5373149089698079616,300387930,,1434.0,170.7733241189463,-49.91324261589623,288.6764629155708,10.497384896609232,198.2501736244484,-47.98837642375656,32.32327250423444,-28.696826344284105,0.88384247,0.0602,0.82364247,9.862091,0.113,11.37224655901189,87.7112,0.9778453,9.474389,27.68708306618392,-81.90874613617093,16.020638180393945,1.1589197,0.29351023,3.0158156327731724,0.8067896387944522,0.3521300612055478,,,8.041633399,0.0,SPOC,,,,,,5770.0,790.06,555.53,291.0,654.9098196392786
5379132700690111616,61701267,,1435.0,176.84017013523652,-44.00457939791903,290.9280637934132,17.368569055376483,198.47578668908383,-40.78030719670278,27.21454459982021,-14.72859794004578,0.73390865,0.0069,0.72700865,9.11962,0.0129,11.107010403543624,89.7294,0.90339965,,30.69313141113917,-80.2593855725387,26.87647400263661,-1.258431,0.16799894,4.9988431398409015,0.3917581023176733,1.6501891023176734,,,5.496253222696841,0.0306124768004947,SPOC,,,,,,6050.0,758.38,1004.19,361.69,467.3346693386774
5418436698031414016,870681769,,1451.0,151.04365247236515,-42.676497754236806,273.0517483153341,10.285990468186052,174.94250814789558,-49.77433470141619,13.50564445451002,-45.47355623130487,1.078145,0.0001,1.078045,9.455444,0.0001,18.96915419413532,52.6982,1.101215,7.1589823,2.761444952419288,-51.79637256957809,9.4132630162887,-1.1153888,0.15922593,4.477794496100866,-2.939086959368619,1.8236981593686188,,,12.204,0.294,QLP,QLP better fit,,,,,5100.0,1132.18,386.02,437.82,1209.8196392785571
5462956752771407360,101383991,,1461.0,148.64127710722647,-32.12917610586551,264.71590930216644,17.31673920772094,165.07287301482404,-41.547702762962565,23.214609303477296,-27.752886398320072,2.0755901,0.1989,1.8766901,13.643428,0.3484,10.571822635919618,94.5037,1.1439463,,-8.316430949814253,-89.91985984832195,28.15539090051077,-4.801427,1.1329876,4.133190841925462,-5.708619353710724,0.907192353710724,,,14.98128051,2.664179908,QLP,,,,,,3850.0,1382.2,841.92,710.53,1116.0320641282565
5575863712040511488,148095486,,1488.0,100.50027904743912,-39.87922068368333,248.8906270290071,-18.69182542333339,107.73684850291588,-62.67345601076862,-4.682967530897698,-31.778713668632825,1.7655497,0.1279,1.6376497,12.836359,0.2356,10.2358733643163,98.2604,1.1470469,9.348578,-33.32922311661458,-86.33264746120335,-31.30928200471287,-0.8229022,1.1595218,2.496699886099087,-4.438072773278283,3.615170573278283,,,15.29767261,0.2542115929,QLP,,,,,,4100.0,1511.05,811.02,777.06,1624.0480961923847
5651775953326498688,432135041,,1506.0,137.36401487257845,-23.52104601504161,251.01064822133395,16.277387325982158,148.64216415620783,-37.82107803788414,13.204289983955604,-55.99228970612499,0.8371868,0.0001,0.8370868,8.682693,0.0002,18.14571210642388,54.9834,1.0003817,10.088513,-17.21339957785868,-50.02153984695087,15.446507873768237,-3.7406375,0.1495421,1.813537359806054,-8.599255407772429,4.8586179077724285,,,7.354974631853787,0.0816895534378789,QLP,"QLP sec 62,89 has best fits",,,,,5680.0,582.35,290.86,229.19,545.4909819639279
5662439326330297984,189228811,,1509.0,141.35428480594075,-25.05483924309653,254.7354624644965,17.983203943173947,153.64021598070252,-37.84868864821571,3.566513654203607,-25.42119836096976,0.8607969,0.0513,0.8094969,9.97141,0.0961,10.143459641456122,98.3083,0.93546605,8.012488,-24.68725684974199,-90.46135678380804,30.43716770529668,-7.976421,0.24830753,3.3574040781625456,-7.97435582378642,0.0020651762135805,,,7.02998536837858,0.5849985395146593,QLP,QLP has best fits,,,,,5860.0,738.88,671.77,298.61,568.937875751503
5673454504398321920,422201347,,1515.0,151.00437217210114,-17.65975297506055,255.9665912051476,29.55942076983189,160.0141940079076,-27.520353280564297,11.841558267960512,-27.06827994816925,1.3269863,0.0306,1.2963863,11.2353735,0.0586,12.19735291813732,81.1595,0.8884948,,-17.29281267694883,-69.18579795634541,40.44532727344341,-9.3610325,0.61029947,2.5181730183071123,-8.634439292458783,0.7265932075412174,,,1.2466821919997608,0.0030366975197921,TESS-SPOC,TESS-SPOC had best fit,,,,,4600.0,227.55,191.06,102.24,100.0
5695597362915261568,283305917,,1520.0,128.26008331056678,-24.591351844115923,246.65171216529407,9.054580479842638,138.9957974212911,-41.7446894205759,-2.8455933441923857,-30.11227733405267,1.0242233,0.0009,1.0233233000000002,10.057039,0.0016,12.897393535968211,77.4263,0.89967865,7.765341,-30.345730214895607,-70.29885332615609,12.20209915761235,-9.848351,0.24978867,3.601416066876999,-8.774779861621077,1.073571138378922,,,3.863522353983009,0.0,TESS-SPOC,TESS-SPOC sec 61 had best fit,,,,,5170.0,187.32,165.33,69.23,100.0
5708463641821487232,118601741,,1527.0,130.20069751007344,-18.588004433326056,242.73231148216945,14.009850100535,138.70345626619917,-35.480519341405206,3.587924785992916,-32.61979968793277,0.8316927,0.027,0.8046926999999999,9.338861,0.0504,12.954042957905964,77.0384,0.8622836,8.427657,-34.31518093835592,-66.57653953630434,18.6882738335945,-9.185777,0.18228757,1.0130251236065555,-10.044552805198323,0.8587758051983236,,,8.162632393,0.6654989449,SPOC,,,,,,5860.0,980.94,794.48,392.13,717.4348697394789
5708463646119058432,118601740,,1528.0,130.19597432174737,-18.586771769928703,242.7286014424,14.006916927072528,138.6977617272669,-35.48076101703725,3.629876679872363,-32.42959354558471,1.2030315,0.0302,1.1728315,10.759629,0.0575,12.930237020889043,77.1979,0.92668074,6.733156,-34.383116816522325,-66.69773963557563,18.718839461602133,-9.156688,0.22379538,1.0094661260797686,-10.044994200590548,0.8883062005905469,,,8.695232422,0.1308233646,SPOC,,,,,,4830.0,545.83,406.66,287.31,365.7314629258517
5809196434701651840,363596599,,1551.0,249.79043626285787,-68.38618152466351,321.49740907797,-14.184461356755692,259.5058027519124,-45.68186493053584,37.628684513744695,29.681341176475456,1.3109493,0.0021,1.3088493,10.33617,0.004,18.91279181822849,52.8413,0.9858726,5.6647005,40.11679449952861,-31.91330120488939,-12.956546297662603,8.365974,0.14923583,2.7545052840510613,10.963535517573147,2.597561517573148,,,13.008907195018075,2.601781439003616,QLP,kept 13d period - better fit,,,,,4600.0,1134.48,491.46,534.81,1334.8697394789579
5999476508267718912,153415912,,1588.0,232.66946495813667,-45.442131299956365,329.9770720923412,8.903511958562504,241.85363652880773,-25.583406696206875,26.334393355733464,-6.71194961594632,0.9389887,0.0709,0.8680887,10.27494,0.133,10.799316870024098,92.4358,0.836184,,79.20800885183475,-45.77303696014597,14.331549403424797,9.12442,0.36371225,1.270828725121128,9.569367933951195,0.4449479339511946,,,7.478959683,0.1688931675,QLP,,,,,,5600.0,555.41,247.75,228.69,537.6753507014027
613140808098832000,418185431,,177.0,147.08789680453927,11.303424583171116,223.9996682008005,44.27625287288002,145.4514587056437,-1.840058223765561,19.4779695954864,-14.19573500854192,0.8603687,0.0512,0.8091687,9.807406,0.0955,10.842054533142006,91.7608,0.9952898,11.62583,-47.50366539955704,-45.87322480886945,64.3898804724799,-15.55836,0.2265672,2.4630579511983064,-13.580105141300606,1.978254858699394,,,6.138575571,0.114724501,QLP,,,,,,5860.0,557.42,493.74,233.42,467.3346693386774
614637140345154944,59627439,,178.0,146.5889549757349,13.639969740323275,220.75115476760192,44.86084179682782,144.21377308390288,0.2008602293648884,13.57958476551677,-13.564717872804255,1.128274,0.0368,1.091474,10.430382,0.0697,13.855978604079938,71.562,1.0152693,10.842527,-38.75363030072104,-33.39362520082056,50.90851527287347,-17.652613,0.1914912,1.4698788208668327,-13.857618378164943,3.794994621835055,,,9.833369359960464,0.2556391382554892,TESS-SPOC,TESS-SPOC has best fits,,,,,5100.0,781.03,353.11,351.43,764.3286573146293
619426200678618368,258674556,,182.0,147.23134579794154,15.565999249996883,218.60073328567523,46.21277231788312,144.15776197434982,2.223938382485912,13.824761018942896,-12.213619265462668,0.7363224,0.0003,0.7360224000000001,8.553792,0.0006,14.535852369933798,68.5824,1.017316,,-37.20406384100987,-29.700393563015066,49.66440795184649,-18.170511,0.26135474,1.8074322474619768,-13.961317338039423,4.209193661960578,,,4.200424453009181,0.028794537458527,QLP,QLP has best fits,,,,,6050.0,444.55,687.91,204.88,311.02204408817636
6199237292610760576,122394288,,1633.0,227.675643087502,-38.07522235999971,330.9810110784801,17.096464512013736,235.77808030448304,-19.52969821313019,39.61459446980179,-3.565085778494894,1.2557821,0.0374,1.2183821,10.771556,0.0714,13.723360066350374,72.4403,1.0682185,14.635059,60.90473827868168,-33.78643956661088,21.42196555196677,6.2112393,0.54098916,2.973080622534108,8.32574089033574,2.114501590335741,,,10.7679102178433,0.0481952275229069,QLP,QLP has best fits,,,,,4830.0,867.86,415.87,414.78,889.3787575150301
6330728403566536192,23888378,,1660.0,219.80125795417823,-7.267582879199372,343.99849359072215,46.83091394013955,219.70896502832167,7.846376912627753,70.76221796491497,-39.00201088490013,1.1062231,0.0,1.1062231,9.730493,0.0001,18.88351373359416,52.8783,1.1018424,,34.82645171471213,-9.987315276608705,38.62299564608746,5.862453,0.26400122,4.6774875335485335,3.2339958563276223,2.628457143672378,,,10.113742041188134,0.0,QLP,QLP sec 91 had best fit,,,,,5100.0,822.57,357.54,361.31,826.8537074148297
6438704529928286336,271520041,,1693.0,288.49188315409776,-63.12230218936871,333.11260863599176,-26.50107848775732,280.84929499953296,-40.37779234023862,11.790161826047402,23.95422315955614,0.7957258,0.0065,0.7892258000000001,9.430062,0.0121,11.82357283002468,84.2895,1.0627341,7.4381385,67.50766938052556,-34.22991795259626,-37.73940964717456,15.239496,0.19543377,2.4258560542865424,13.492481944884846,1.7470140551151552,,,4.4437068364296906,0.0564112059053085,QLP,excl sec 66 for bad fits,,,,,5930.0,356.03,349.54,154.64,295.39078156312627
6439391797712630784,464318311,,1695.0,280.3194271569886,-63.53428573046594,331.8559255293777,-22.993038998683165,276.00948705258577,-40.31011968185786,16.11546277610231,20.71364258995042,1.16788,0.0001,1.16778,9.122338,0.0002,26.83807537973669,37.3798,1.1770064,8.609533,30.244722899796137,-16.179089028391846,-14.554668534991508,8.572117,0.14218439,4.4477257382941255,13.19389115174217,4.621774151742169,,,10.277251390205551,0.0615129225595056,TESS-SPOC,TESS-SPOC has best fits,,,,,4830.0,799.39,410.17,395.05,670.5410821643287
6472858766996632704,422044019,,1701.0,301.89635259789105,-55.01585673615903,343.0203024362096,-32.685815231570565,291.41317563764795,-33.92272946514181,18.2833513597835,35.30973558716803,0.6970897,0.0,0.6970897,6.125575,0.0,41.50689690247314,24.0776,1.0846006,15.776081,19.393301983162377,-5.921614011800786,-13.010656315751213,12.555019,0.14334017,3.3409493907607963,14.666978484187704,2.111959484187704,,,3.165884441,0.01522094682,SPOC,,,,,,6180.0,313.8,309.6,136.11,232.86573146292585
6519711873737172608,121421711,,1718.0,341.86119340692704,-44.96510596103538,348.8915599969192,-59.54195060352173,324.2976272505556,-34.10727317340773,-33.7672732136837,12.56885227686164,0.76373243,0.0,0.76373243,7.086793,0.0,30.881332337306304,32.0835,1.0877132,10.905033,16.107144917437548,-3.162560271355882,-27.91332082204286,10.988061,0.12575755,3.85874026638305,13.153401174340454,2.1653401743404537,,,5.313222557,0.05378584749,SPOC,,,,,,5990.0,578.27,845.47,255.66,412.62525050100203
6566237914427842944,147339266,,1729.0,326.1865988849541,-42.12955383900525,358.8534332947898,-49.35625524401979,313.6696748855916,-26.826426531369528,-7.863843856224678,2.0814015146707083,0.7193632,0.0,0.7193632,7.9095464,0.0,18.25481261927556,54.666,0.99950117,7.58173,35.674061558980014,-0.7139819431215916,-41.565708851166335,19.368872,0.12562607,4.124338464945406,14.720022657325718,4.648849342674282,,,5.991865035170878,0.1574377232544392,SPOC,,,,,,6050.0,892.78,1039.9,430.25,537.6753507014027
662960053615082752,14703870,,192.0,127.16794769875848,19.54350331522835,204.92354263826795,29.85406686138082,124.70603826940412,0.4700819511636505,6.291576393900488,-13.82462579884723,1.1474237,0.014,1.1334237,11.061373,0.0265,10.466530362464155,94.5597,1.2723519,9.614417,-75.14673904063659,-34.919492691380746,47.56042209882428,-12.093114,0.25719038,3.1578042139695324,-15.542697098125496,3.449583098125496,,,9.716369929,0.6645868656,QLP,,,,,,5100.0,763.56,351.27,347.13,733.0661322645291
6635594425011858944,119090894,,1744.0,275.1625272068559,-59.40187267807725,335.25703454694724,-19.37915841902542,273.24634034919524,-36.02075475455067,21.32350612049851,16.119111854105235,0.82221603,0.0017,0.82051603,9.919365,0.0033,10.39777412861037,95.9106,1.1388034,10.105975,82.39642062215268,-37.97300459798641,-31.91240784802005,12.022986,0.18067537,4.027061429548051,13.472811227577372,1.4498252275773726,,,10.348342567708228,0.0,SPOC,SPOC sec 13 had best fits,,,,,5770.0,1225.07,716.75,443.56,1014.4288577154309
6645790363833343232,404160133,,1749.0,296.4509536515506,-51.56190183532037,346.7147024716931,-29.1555282916252,288.6124768959108,-29.81802874597077,-0.3371465623557568,4.18724494845233,0.88664055,0.0414,0.84524055,9.514304,0.0776,12.987799416735315,76.8427,1.1102037,5.6505327,65.44057807363251,-15.451767365352824,-37.51074019068665,15.600244,0.22940606,4.047207561276734,15.003313001803944,0.596930998196056,,,8.63318662065047,0.0440782486298552,TESS-SPOC,TESS-SPOC has best fits,,,,,5680.0,787.27,404.08,275.31,693.9879759519039
6674927082668917760,91190653,,1759.0,310.5035696255789,-45.97993285625231,354.2437230895259,-37.94094317597683,300.3502721323616,-26.7166436087103,-1.976095283304744,19.20235501298447,1.1306229,0.0001,1.1305229,9.7317095,0.0002,19.316011462047133,51.7364,1.0445095,14.295618,40.622682772916,-4.094984565735494,-31.831049518750024,17.538069,0.2591946,2.076626807170641,15.340853231744884,2.1972157682551163,,,6.390894485,0.0,SPOC,,,,,,5100.0,308.0,195.48,141.15,170.34068136272543
6682734130621950976,290743237,,1761.0,307.39392695434805,-37.82589311914266,4.058029768368205,-34.85802497901142,300.33605801412585,-18.242370460275325,-2.843189009653269,16.18037457227699,1.0668793,0.0003,1.0665793,9.969741,0.0006,15.557907760708591,64.1947,0.90464264,6.316073,52.61077268509493,3.732452712265849,-36.73661546179788,20.114565,0.17391159,3.353011174496664,15.81216142800373,4.302403571996269,,,10.544065028380915,0.4461214145793821,QLP,,,,,,5100.0,885.84,364.3,376.0,920.6412825651303
6683436340594156928,369954274,,1763.0,295.38185329250337,-47.28494757596608,351.38530537203104,-27.770311307744784,288.79154652989314,-25.487942649054524,13.838167375392938,29.35671914144189,1.3755045,0.004,1.3715045,10.5886755,0.0076,17.190170683141282,57.8199,1.242702,,50.89187116804538,-7.710023151263122,-27.104339279435315,18.271334,0.2963997,4.622138009740649,15.352065005908344,2.919268994091656,,,11.935443206401402,0.7845601885073155,QLP,,,,,,4600.0,982.05,474.72,473.59,1100.4008016032064
6723239967206274560,312642565,,1768.0,277.37020293538154,-40.729183900875846,353.79839314455234,-13.474127918968174,275.84827974087403,-17.439410607245936,9.860498201908063,18.38087484664037,1.0119514,0.0231,0.9888514,9.69635,0.0435,15.952108509378718,62.447,0.8893833,,60.60542060130828,-6.5855753237808825,-14.606612246964652,19.06062,0.22199878,4.383529959278883,14.949825636589033,4.110794363410967,,,7.598186795627869,0.0189971975259179,QLP,QLP has best fits,,,,,5270.0,479.22,257.47,233.41,475.1503006012024
6740764911228220288,114675836,,1773.0,293.90818307458414,-37.00273163958293,2.206748478867721,-24.24541298602336,289.5936776686821,-15.175659269321198,-4.696630923228864,-7.600960348232872,0.89995,0.0084,0.8915500000000001,9.250215,0.0157,14.631873922748806,68.1928,1.0334502,,62.26944880616272,2.399496078590051,-28.06515824062026,16.241142,0.39197797,4.984718871640012,15.839648049362172,0.4014939506378283,,,5.7356125236955,0.0307516878454645,SPOC,,,,,,5480.0,314.13,152.74,138.55,311.02204408817636
6775632727047151232,114950121,,1777.0,315.06972173242497,-36.3086983475042,7.027847716058807,-40.71405636846358,306.97793565696884,-18.475008982213183,-3.2986786898702185,-5.517613382830799,0.7618847,0.0152,0.7466847,9.493206,0.0283,10.061924581378918,98.8767,0.9230788,,74.76497330074947,9.21687280462874,-64.82699924433173,11.708107,0.35525796,4.096772898727323,15.578240831594986,3.870133831594986,,,7.582800748905584,0.1164200417603655,QLP,QLP had best fits,,,,,5990.0,1152.33,884.46,514.49,733.0661322645291
6806292265191033472,269993785,,1787.0,311.32871441564635,-24.55754584074112,20.7788058608363,-35.126260897155205,307.17744472812234,-6.293844594874719,-1.9477059057440915,1.3596014704798185,1.028244,0.03,0.998244,10.595619,0.0564,11.46248052311745,87.277,1.010909,8.538882,66.7122873421791,25.313386421779807,-50.19682960368877,18.632946,0.2641426,3.1564909245483275,15.642124732644977,2.990821267355024,,,8.867691632,0.0,SPOC,,,,,,5170.0,646.99,321.4,305.07,623.6472945891784
6828177528743255552,99821879,,1792.0,322.8525819105617,-22.27158915405173,27.6048095448746,-44.59863107429571,318.0298094679526,-7.206075399250739,-7.744676425539581,-5.0418926733215566,1.2915869,0.0137,1.2778869,10.910469,0.0261,13.78383639359656,73.1406,0.92261624,,45.77732828091006,23.93670198180141,-50.939086973564606,19.24661,0.21938142,2.800949552745467,14.826686124855176,4.419923875144825,,,5.775681543481407,0.0,TESS-SPOC,TESS-SPOC sec 28 had best fits,,,,,4600.0,208.28,181.87,85.54,100.0
802513196148593920,88659764,,227.0,152.57839249594647,38.41354440198972,183.9661720000096,54.61814508856729,140.2608631860658,25.247170789085803,15.786917477721811,16.54548063295463,0.86349964,0.0001,0.86339964,8.684553,0.0002,18.43492463218513,53.8859,1.0755315,8.775372,-31.33380180081801,-2.172483382535923,44.22644651726772,-10.271852,0.14246832,4.8345565225552,-14.245945423285097,3.974093423285096,,,7.361082682242074,0.0,QLP,QLP sec 21 has best fit,,,,,5600.0,538.59,241.32,225.41,529.8597194388778
813635585194216064,17193065,,232.0,145.392161895947,41.58811034668907,179.76569779060023,48.82114989698896,133.27721649475342,26.105442800674528,4.162541592108224,8.006457010635405,0.9862461,0.0449,0.9413461,10.13529,0.0845,12.472062643750014,79.949,0.90651375,10.235843,-52.79047948247421,0.2158796866200177,60.347516259638816,-10.908815,0.24833524,4.288979391382385,-14.798609142258016,3.8897941422580153,,,7.104992844289936,0.0,SPOC,SPOC sec 48 had best fit,,,,,5380.0,438.36,221.55,209.23,451.7034068136273
875071278432954240,130181866,,250.0,117.4793682618587,27.363132695843213,193.2818841885029,24.147454036735432,114.3446658746016,6.216615522726046,-10.220145850916207,-11.23527855383033,0.8535037,0.0,0.8535037,6.7371826,0.0001,44.68484921119824,22.3385,0.9908184,10.370582,-19.87447320880309,-4.691491810563113,9.154923052725085,-16.07124,0.12526087,0.35909987794895,-15.921195562226254,0.1500444377737455,,,6.454896920400927,0.4827021020597586,SPOC,,,,,,5660.0,443.04,211.45,195.31,443.8877755511022
898639447612575104,16045498,59747.0,256.0,113.2521411344812,37.02988798978208,182.0123354303021,23.75186857880233,109.05378872484964,15.116091895056698,-49.87412198157693,9.407215849264212,1.057096,0.0,1.057096,7.426266,0.0,48.35632200879651,20.6516,1.0275615,8.056702,-18.91653112695802,-0.6646574334349451,8.329346067500373,-15.95865,0.15065038,3.2081883498922106,-15.82389981179042,0.1347501882095798,Possible Activity-Based Members,7.7,7.959711544,0.3028752398,SPOC,,0.867,0.88,Y,,5100.0,493.27,307.87,247.57,436.0721442885772
898844639674672640,9989136,,257.0,111.25581307204982,37.23112383360879,181.28542174034737,22.2937750070354,107.39303652900854,15.06654377521263,-27.711885451742045,14.51087184391652,1.2775459,0.0,1.2775459,9.197407,0.0001,30.70269405102268,32.5012,0.9300826,,-30.128238849415563,-0.6760356926980832,12.355776849666896,-9.182047,0.18260781,2.22946891838009,-15.764375488131144,6.582328488131143,,,10.611514398514675,0.1559224577942384,QLP,QLP has best fits,,,,,4600.0,808.22,450.57,421.18,670.5410821643287
906323036729357440,16769903,,262.0,122.5229150811405,36.61569771851138,184.59134565045497,30.820140446607383,116.6954560351477,16.142089127648998,-1.3460394994894198,-6.276470995389746,1.6007385,0.1794,1.4213385,12.067512,0.3393,12.12131591976996,82.9351,1.04092,,-70.62137615619264,-5.671324948577079,42.26808175924658,-12.737856,0.68143296,3.970280413300117,-15.915435124054731,3.17757912405473,,,11.6591216035674,0.1149016685421733,QLP,QLP had more sinusoidal fits,,,,,4440.0,927.21,497.77,470.72,670.5410821643287
941763766826062592,172107518,,276.0,97.8936802950629,34.866376905031416,179.42562529671673,11.388508882525157,96.60563608996873,11.607924706440295,-36.002876045813714,6.340807844697036,1.2672386,0.0,1.2672386,8.729187,0.0,36.76377014759152,27.1845,0.9885801,6.8466034,-26.66379250126531,0.2673062673270402,5.3710687056392565,-8.119474,0.18852939,0.7877467774109189,-15.096506359970268,6.977032359970268,,,10.007797721241673,0.6342567233464331,QLP,QLP has best fits,,,,,4830.0,760.48,408.08,382.87,670.5410821643287
967046834844627584,252890740,,283.0,101.24286303556651,48.81159338014968,167.07650506665618,19.06346295417616,98.19133646333783,25.69150761376684,-9.575033904667654,10.752325836876484,1.324398,0.0378,1.286598,11.501793,0.0721,10.805605728781035,91.6397,1.0505474,9.937949,-85.25353969014097,19.5624638038607,30.22646342668068,-15.117436,0.34466028,0.6422843687081528,-14.76573783900755,0.3516981609924503,,,11.544,0.944,QLP,QLP better fit,,,,,4600.0,930.63,466.54,456.77,967.5350701402806
